{"loss": 136.1479941014973, "_timestamp": 1672933357.2548962, "_runtime": 175.4467010498047, "_step": 4, "_wandb": {"runtime": 175}}