{"test_metric": 0.5541088794371963, "_timestamp": 1672932914.3363671, "_runtime": 5.663965225219727, "_step": 99, "_wandb": {"runtime": 17}}