{"loss": 1.455585354579968e+16, "_timestamp": 1672932115.0808117, "_runtime": 6.042284727096558, "_step": 2, "_wandb": {"runtime": 16}}