{"loss": 113.2758834222402, "_timestamp": 1672932606.6999867, "_runtime": 334.155770778656, "_step": 2, "_wandb": {"runtime": 333}}