{"loss": 3.534432526086963e+16, "_timestamp": 1672932150.5140376, "_runtime": 6.412805557250977, "_step": 2, "_wandb": {"runtime": 17}}